{"cameraMode":{"drawMode":0,"name":"Shaded","section":"Shading Mode"},"sceneLighting":false,"audioPlay":false,"sceneViewState":{"m_AlwaysRefresh":false,"showFog":true,"showSkybox":false,"showFlares":true,"showImageEffects":true,"showParticleSystems":true,"showVisualEffectGraphs":true,"m_FxEnabled":true},"in2DMode":false,"pivot":{"x":0.37803956866264346,"y":0.10265602171421051,"z":0.08244162797927857},"rotation":{"x":0.01283204834908247,"y":-0.9781351685523987,"z":0.19836919009685517,"w":0.0622895285487175},"size":0.23061130940914155,"orthographic":false}