{"cameraMode":{"drawMode":0,"name":"Shaded","section":"Shading Mode"},"sceneLighting":false,"audioPlay":false,"sceneViewState":{"m_AlwaysRefresh":false,"showFog":true,"showSkybox":false,"showFlares":true,"showImageEffects":true,"showParticleSystems":true,"showVisualEffectGraphs":true,"m_FxEnabled":true},"in2DMode":false,"pivot":{"x":1.115828037261963,"y":0.807738184928894,"z":-0.10599000006914139},"rotation":{"x":0.01283204834908247,"y":-0.9781351685523987,"z":0.19836919009685517,"w":0.0622895285487175},"size":0.1347236931324005,"orthographic":false}