{"cameraMode":{"drawMode":0,"name":"Shaded","section":"Shading Mode"},"sceneLighting":false,"audioPlay":false,"sceneViewState":{"m_AlwaysRefresh":false,"showFog":true,"showSkybox":false,"showFlares":true,"showImageEffects":true,"showParticleSystems":true,"showVisualEffectGraphs":true,"m_FxEnabled":true},"in2DMode":false,"pivot":{"x":-1.902338981628418,"y":0.20380115509033204,"z":-0.6425399780273438},"rotation":{"x":-0.028741437941789628,"y":-0.9606062769889832,"z":0.25412774085998537,"w":-0.109418123960495},"size":0.7594360709190369,"orthographic":false}