{"cameraMode":{"drawMode":0,"name":"Shaded","section":"Shading Mode"},"sceneLighting":false,"audioPlay":false,"sceneViewState":{"m_AlwaysRefresh":false,"showFog":true,"showSkybox":false,"showFlares":true,"showImageEffects":true,"showParticleSystems":true,"showVisualEffectGraphs":true,"m_FxEnabled":true},"in2DMode":false,"pivot":{"x":1.4283525943756104,"y":0.5574628114700317,"z":-0.2465795874595642},"rotation":{"x":-0.08874253183603287,"y":-0.9057546854019165,"z":0.23676152527332307,"w":-0.34032467007637026},"size":0.2283163219690323,"orthographic":false}