{"cameraMode":{"drawMode":0,"name":"Shaded","section":"Shading Mode"},"sceneLighting":false,"audioPlay":false,"sceneViewState":{"m_AlwaysRefresh":false,"showFog":true,"showSkybox":false,"showFlares":true,"showImageEffects":true,"showParticleSystems":true,"showVisualEffectGraphs":true,"m_FxEnabled":true},"in2DMode":false,"pivot":{"x":-2.4685657024383547,"y":0.1535469889640808,"z":0.4152989387512207},"rotation":{"x":-0.028741437941789628,"y":-0.9606062769889832,"z":0.25412774085998537,"w":-0.109418123960495},"size":1.1208391189575196,"orthographic":false}